0x9a604220d37b69c09eFfCcd2E8475740773E3DaF,token_id,description,external_url,image,name,attributes
0x9a604220d37b69c09eFfCcd2E8475740773E3DaF,token_id,description,external_url,image,name,attributes
0x9a604220d37b69c09eFfCcd2E8475740773E3DaF,token_id,description,external_url,image,name,attributes
0x9a604220d37b69c09eFfCcd2E8475740773E3DaF,token_id,description,external_url,image,name,attributes
0x9a604220d37b69c09eFfCcd2E8475740773E3DaF,token_id,description,external_url,image,name,attributes
0x9a604220d37b69c09eFfCcd2E8475740773E3DaF
0x9a604220d37b69c09eFfCcd2E8475740773E3DaF
0x9a604220d37b69c09eFfCcd2E8475740773E3DaF
0x9a604220d37b69c09eFfCcd2E8475740773E3DaF
0x9a604220d37b69c09eFfCcd2E8475740773E3DaF
0x9a604220d37b69c09eFfCcd2E8475740773E3DaF,token_id,description,external_url,image,name,attributes
0x9a604220d37b69c09eFfCcd2E8475740773E3DaF,token_id,description,external_url,image,name,attributes
0x9a604220d37b69c09eFfCcd2E8475740773E3DaF,token_id,description,external_url,image,name,attributes
0x9a604220d37b69c09eFfCcd2E8475740773E3DaF,token_id,description,external_url,image,name,attributes
0x9a604220d37b69c09eFfCcd2E8475740773E3DaF,token_id,description,external_url,image,name,attributes
0x9a604220d37b69c09eFfCcd2E8475740773E3DaF
0x9a604220d37b69c09eFfCcd2E8475740773E3DaF
0x9a604220d37b69c09eFfCcd2E8475740773E3DaF
0x9a604220d37b69c09eFfCcd2E8475740773E3DaF
0x9a604220d37b69c09eFfCcd2E8475740773E3DaF
0x9a604220d37b69c09eFfCcd2E8475740773E3DaF,token_id,description,external_url,image,name,attributes
0x9a604220d37b69c09eFfCcd2E8475740773E3DaF,token_id,description,external_url,image,name,attributes
0x9a604220d37b69c09eFfCcd2E8475740773E3DaF,token_id,description,external_url,image,name,attributes
0x9a604220d37b69c09eFfCcd2E8475740773E3DaF,token_id,description,external_url,image,name,attributes
0x9a604220d37b69c09eFfCcd2E8475740773E3DaF,token_id,description,external_url,image,name,attributes
0x9a604220d37b69c09eFfCcd2E8475740773E3DaF,token_id,description,external_url,image,name,attributes
0x9a604220d37b69c09eFfCcd2E8475740773E3DaF,token_id,description,external_url,image,name,attributes
0x9a604220d37b69c09eFfCcd2E8475740773E3DaF,token_id,description,external_url,image,name,attributes
0x9a604220d37b69c09eFfCcd2E8475740773E3DaF,token_id,description,external_url,image,name,attributes
0x9a604220d37b69c09eFfCcd2E8475740773E3DaF,token_id,description,external_url,image,name,attributes
0x9a604220d37b69c09eFfCcd2E8475740773E3DaF
0x9a604220d37b69c09eFfCcd2E8475740773E3DaF
0x9a604220d37b69c09eFfCcd2E8475740773E3DaF
0x9a604220d37b69c09eFfCcd2E8475740773E3DaF
0x9a604220d37b69c09eFfCcd2E8475740773E3DaF
0x9a604220d37b69c09eFfCcd2E8475740773E3DaF,token_id,description,external_url,image,name,attributes
0x9a604220d37b69c09eFfCcd2E8475740773E3DaF,token_id,description,external_url,image,name,attributes
0x9a604220d37b69c09eFfCcd2E8475740773E3DaF,token_id,description,external_url,image,name,attributes
0x9a604220d37b69c09eFfCcd2E8475740773E3DaF,token_id,description,external_url,image,name,attributes
0x9a604220d37b69c09eFfCcd2E8475740773E3DaF,token_id,description,external_url,image,name,attributes
0x9a604220d37b69c09eFfCcd2E8475740773E3DaF,token_id,description,external_url,image,name,attributes
0x9a604220d37b69c09eFfCcd2E8475740773E3DaF,token_id,description,external_url,image,name,attributes
0x9a604220d37b69c09eFfCcd2E8475740773E3DaF,token_id,description,external_url,image,name,attributes
0x9a604220d37b69c09eFfCcd2E8475740773E3DaF,token_id,description,external_url,image,name,attributes
0x9a604220d37b69c09eFfCcd2E8475740773E3DaF,token_id,description,external_url,image,name,attributes
0x9a604220d37b69c09eFfCcd2E8475740773E3DaF,token_id,description,external_url,image,name,attributes
0x9a604220d37b69c09eFfCcd2E8475740773E3DaF,token_id,description,external_url,image,name,attributes
0x9a604220d37b69c09eFfCcd2E8475740773E3DaF,token_id,description,external_url,image,name,attributes
0x9a604220d37b69c09eFfCcd2E8475740773E3DaF,token_id,description,external_url,image,name,attributes
0x9a604220d37b69c09eFfCcd2E8475740773E3DaF,token_id,description,external_url,image,name,attributes
0x9a604220d37b69c09eFfCcd2E8475740773E3DaF
0x9a604220d37b69c09eFfCcd2E8475740773E3DaF
0x9a604220d37b69c09eFfCcd2E8475740773E3DaF
0x9a604220d37b69c09eFfCcd2E8475740773E3DaF
0x9a604220d37b69c09eFfCcd2E8475740773E3DaF
0x9a604220d37b69c09eFfCcd2E8475740773E3DaF,token_id,description,external_url,image,name,attributes
0x9a604220d37b69c09eFfCcd2E8475740773E3DaF,token_id,description,external_url,image,name,attributes
0x9a604220d37b69c09eFfCcd2E8475740773E3DaF,token_id,description,external_url,image,name,attributes
0x9a604220d37b69c09eFfCcd2E8475740773E3DaF,token_id,description,external_url,image,name,attributes
0x9a604220d37b69c09eFfCcd2E8475740773E3DaF,token_id,description,external_url,image,name,attributes
0x9a604220d37b69c09eFfCcd2E8475740773E3DaF
0x9a604220d37b69c09eFfCcd2E8475740773E3DaF
0x9a604220d37b69c09eFfCcd2E8475740773E3DaF
0x9a604220d37b69c09eFfCcd2E8475740773E3DaF
0x9a604220d37b69c09eFfCcd2E8475740773E3DaF
0x9a604220d37b69c09eFfCcd2E8475740773E3DaF,token_id,description,external_url,image,name,attributes
0x9a604220d37b69c09eFfCcd2E8475740773E3DaF,token_id,description,external_url,image,name,attributes
0x9a604220d37b69c09eFfCcd2E8475740773E3DaF,token_id,description,external_url,image,name,attributes
0x9a604220d37b69c09eFfCcd2E8475740773E3DaF,token_id,description,external_url,image,name,attributes
0x9a604220d37b69c09eFfCcd2E8475740773E3DaF,token_id,description,external_url,image,name,attributes
0x9a604220d37b69c09eFfCcd2E8475740773E3DaF
0x9a604220d37b69c09eFfCcd2E8475740773E3DaF
0x9a604220d37b69c09eFfCcd2E8475740773E3DaF
0x9a604220d37b69c09eFfCcd2E8475740773E3DaF
0x9a604220d37b69c09eFfCcd2E8475740773E3DaF
